Name,Qty
Aaron ,23
Adam ,8
Adrian ,36
Aidan ,53
Alan ,45
Albert ,34
Alejandro ,78
Alex ,55
{Alexander},
Alfred ,
Allen ,
Andre ,
Andres ,
Andrew ,
Andy ,
Angel ,
Anthony ,
Antonio ,
Armando ,
Arthur ,
Austin ,
Barry ,
Ben,
Bill,
Blake ,
Bob,
Brad,
Brady ,
Brandon ,
Brendan ,
Brent ,
Brett ,
Brian ,
Bruce ,
Bryan ,
Bryce ,
Caleb ,
Calvin ,
Cameron ,
Carl ,
Carlos ,
Casey ,
Cesar ,
Chad ,
Charles ,
Chase,
Chris,
Christian,
{Christopher},
{Christopher},
Clay,
Cliff,
Clint,
Cody ,
Cole ,
Colin ,
Collin ,
Colton ,
Connor ,
Corey ,
Cory ,
Craig ,
Curtis ,
Dakota ,
Dale ,
Dalton ,
Damon ,
Dan,
Daniel ,
Darrell ,
Darren ,
Darryl ,
David ,
David ,
Dean ,
Dennis ,
Derek ,
Derrick ,
Devin ,
Devon ,
Diego ,
Dillon ,
Dominic ,
Don,
Doug,
Drew ,
Duane ,
Dustin ,
Dwayne ,
Dylan ,
Earl ,
Ed,
Eddie ,
Eduardo ,
Edward ,
Edwin ,
Elijah ,
Eric ,
Erik ,
Ernest ,
Ethan ,
Eugene ,
Evan ,
Fernando ,
Francis ,
Francisco ,
Frank ,
Fred ,
Gabriel ,
Garrett ,
Gary ,
Gavin ,
George ,
Gerald ,
Glenn ,
Grant ,
Greg ,
Gregory ,
Harold ,
Harry ,
Hayden ,
Hector ,
Henry ,
Howard ,
Hunter ,
Ian ,
Isaac ,
Isaiah ,
Ivan ,
Jack ,
Jackson ,
Jacob ,
Jaime ,
Jake ,
James ,
James ,
Jamie ,
Jared ,
Jason ,
Javier ,
Jay ,
Jeff,
Jeremiah ,
Jeremy ,
Jerome ,
Jerry ,
Jesse ,
Jesus ,
Jim,
Joe ,
Joel ,
John ,
John ,
{Johnathan},
Johnny ,
Jon ,
Jonathan ,
Jonathon ,
Jordan ,
Jorge ,
Jose ,
Joseph ,
Joseph ,
Josh,
Joshua ,
Juan ,
Julian ,
Justin ,
Karl ,
Keith ,
Kelly ,
Ken ,
Kevin ,
Kirk ,
{Kristopher},
Kurt ,
Kyle ,
Lance ,
Landon ,
Larry ,
Lee ,
Leonard ,
Levi ,
Liam ,
Logan ,
Louis ,
Lucas ,
Luis ,
Luke ,
Manuel ,
Marc ,
Marco ,
Marcus ,
Mario ,
Mark ,
Martin ,
Marvin ,
Mason ,
Matt,
Matthew ,
Matthew ,
Maurice ,
Mel,
Michael ,
Michael ,
Micheal ,
Miguel ,
Mike ,
Mitchell ,
Nathan ,
Nathaniel ,
Neil ,
Nicholas ,
Nick,
Nicolas ,
Noah ,
Norman ,
Omar ,
Oscar ,
Owen ,
Patrick ,
Paul ,
Pedro ,
Peter ,
Phil,
Preston ,
Rafael ,
Ralph ,
Randall ,
Randy ,
Raul ,
Ray,
Reggie,
Ricardo ,
Richard ,
Rick ,
Robert ,
Robert ,
Roberto ,
Rod,
Roger ,
Ron,
Roy ,
Ruben ,
Russ ,
Ryan ,
Samuel ,
Scott ,
Sean ,
Sebastian ,
Sergio ,
Seth ,
Shane ,
Shaun ,
Shawn ,
Spencer ,
Stan,
Steve,
Tanner ,
Taylor ,
Ted,
Terrance ,
Terry ,
Thomas ,
Tim ,
Timothy ,
Todd ,
Tom,
Tony ,
Tracy ,
Travis ,
Trevor ,
Tristan ,
Troy ,
Tyler ,
Tyrone ,
Victor ,
Vincent ,
Walter ,
Warren ,
Wayne ,
Wesley ,
Will,
William ,
William ,
Wyatt ,
Xavier ,
Zachary,
{A},
{B},
{C},
{D},
{E},
{F},
{G},
{H},
{I},
{J},
{K},
{L},
{M},
{N},
{P},
{R},
{S},
{T},
{V},
{W},
{#1 Brother},
{#1 Dad},
{#1 Son},
{#1 Grandpa},
{#1 Grandma},
{#1 Mom},
{#1 Uncle},
{Papa #1},
{#1 Brother},
{#1 Dad},
{#1 Son},
{#1 Papa},
{#1 Grandson},
{#1 Daughter},
{#1 Aunt},
{Hijo #1},
{Caution},
{Goddess},
{Grease Monkey},
{Handyman},
{I HRT Beer},
{Tough Guy},
{I HRT You},
{WG Mechanic},
{Wild Thing},
{No Fear},
{Princess},
{Redneck},
{Skull and Bones},
{Sweet HRT},
{The Boss},
{The Boss},
{My Hero},
{USA},
{WG Dad},
{WG Dad},
{WG Grandpa},
{WG Fisherman},
{WG Hunter},
{Air Force},
{Army},
{Marine Corps},
{Navy},
{Id Rather Be Camping},
{Id Rather Be Fishing},
{Id Rather Be Hunting},
,
{King of the Road},
{Queen of the Road},
